metric,train_acc,train_f1,train_auc,val_acc,val_f1,val_auc
mean,0.8526315789473685,0.7766095327019696,0.9288311688311689,0.5368421052631579,0.28987012987012994,0.480952380952381
std,0.025309715870620197,0.031057001063081235,0.02950432406313363,0.08648250907976308,0.06317202562743776,0.06847416868150986
