split,acc,f1,auc,n
train,1.0,1.0,1.0,76
test,0.47368421052631576,0.16666666666666666,0.5714285714285714,19
