metric,train_acc,train_f1,train_auc,val_acc,val_f1,val_auc
mean,0.9236842105263158,0.8810080553960715,0.9809379509379509,0.6,0.3757338086749852,0.5477655677655677
std,0.021620627269940747,0.032432100429426715,0.00652477640037354,0.0880694764772711,0.1064613561889814,0.0988331064614388
