split,acc,f1,auc,n
train,0.5921052631578947,0.5633802816901409,0.7954545454545454,76
test,0.47368421052631576,0.375,0.6285714285714286,19
