split,acc,f1,auc,n
train,0.6842105263157895,0.6,0.7954545454545454,76
test,0.5263157894736842,0.4,0.6285714285714286,19
