fold,split,loss,acc,f1,auc,sensitivity,specificity,tn,fp,fn,tp,threshold,n_cases
final,train_internal,0.15796791116396586,1.0,1.0,1.0,1.0,1.0,43,0,0,17,0.44,60
final,val_internal,0.5681420713663101,0.75,0.3333333333333333,0.8909090909090909,0.2,1.0,11,0,4,1,0.44,16
final,train_full,0.23245338703456678,0.9473684210526315,0.9,0.9949494949494949,0.8181818181818182,1.0,54,0,4,18,0.44,76
final,test,0.6334039788497122,0.7368421052631579,0.2857142857142857,0.5857142857142857,0.2,0.9285714285714286,13,1,4,1,0.44,19
