metric,val_acc,val_f1,val_auc
mean,0.5263157894736842,0.3274725274725275,0.4888644688644688
std,0.08321783316232578,0.12295912730285156,0.13305343361868455
