metric,val_loss,val_acc,val_f1,val_auc
mean,0.5330874772071839,0.7493333333333333,0.6203629703629703,0.8119616963064296
std,0.04934908721087483,0.05262023269512295,0.05482484711857131,0.04864245310133307
