split,threshold,n,n_pos,n_neg,acc,f1,auc,tn,fp,fn,tp,sensitivity,specificity
train,0.5,76,22,54,0.8421052631578947,0.7777777777777778,0.9427609427609428,43,11,1,21,0.9545454545454546,0.7962962962962963
test,0.5,19,5,14,0.631578947368421,0.5333333333333333,0.5571428571428572,8,6,1,4,0.8,0.5714285714285714
