fold,val_loss,val_acc,val_f1,val_auc,n_train,n_val,num_workers,final_pooling
1,0.6315796673297882,0.8125,0.6666666666666666,0.9090909090909091,60,16,8,avg+max
2,0.6660816907882691,0.7333333333333333,0.3333333333333333,0.8,61,15,8,avg+max
3,0.6388796965281168,0.8,0.6666666666666666,0.8409090909090908,61,15,8,avg+max
4,0.6721885959307353,0.7333333333333333,0.3333333333333333,0.6363636363636364,61,15,8,avg+max
5,0.706139616171519,0.4,0.47058823529411764,0.5227272727272727,61,15,8,avg+max
