metric,val_loss,val_acc,val_f1,val_auc
mean,0.6629738533496856,0.6958333333333333,0.49411764705882344,0.7418181818181818
std,0.029681545289812303,0.16940459458546767,0.16718489213562515,0.1583554428524379
