fold,case_id,y_true,y_pred,y_prob
4,1060,0,0,0.411806583404541
4,1064,1,0,0.35604533553123474
4,1129,0,0,0.359491229057312
4,1136,0,0,0.4126823842525482
4,1137,1,0,0.44008320569992065
4,1141,0,0,0.3509899973869324
4,1185,1,0,0.4359951913356781
4,1188,0,0,0.38393130898475647
4,1192,0,0,0.46987491846084595
4,1211,0,0,0.4328441917896271
4,1216,0,0,0.3639701008796692
4,1240,1,1,0.5324416756629944
4,1279,0,0,0.46450942754745483
4,1291,0,1,0.5206246376037598
4,1301,0,0,0.42772412300109863
