fold,case_id,y_true,y_pred,y_prob
2,1030,1,0,0.40902402997016907
2,1071,0,0,0.41897115111351013
2,1086,1,0,0.45638540387153625
2,1117,0,0,0.3720588982105255
2,1140,0,0,0.40623506903648376
2,1206,0,0,0.3563155233860016
2,1208,1,1,0.5106130838394165
2,1217,1,0,0.4510667026042938
2,1223,0,0,0.47816002368927
2,1261,0,0,0.37879249453544617
2,1284,0,0,0.398764044046402
2,1285,0,0,0.45549291372299194
2,1287,1,0,0.4429929852485657
2,1299,0,0,0.4376979470252991
2,1303,0,0,0.4200596511363983
