fold,case_id,y_true,y_pred,y_prob
3,1010,1,1,0.5528138279914856
3,1028,0,0,0.415670245885849
3,1048,0,0,0.41627052426338196
3,1052,0,0,0.47910943627357483
3,1106,1,1,0.5204855799674988
3,1112,0,0,0.4565659761428833
3,1114,0,1,0.5035892724990845
3,1123,0,0,0.42064234614372253
3,1165,1,0,0.4655081629753113
3,1212,0,0,0.447979599237442
3,1219,1,1,0.534614086151123
3,1290,0,0,0.37671351432800293
3,1293,0,1,0.597662091255188
3,1294,0,0,0.47984856367111206
3,1298,0,0,0.42849913239479065
