fold,case_id,y_true,y_pred,y_prob
5,1026,0,1,0.5360758304595947
5,1035,0,0,0.46573513746261597
5,1062,0,1,0.641523003578186
5,1100,1,1,0.5167211294174194
5,1149,0,1,0.543178141117096
5,1169,1,1,0.6406066417694092
5,1174,0,1,0.5958685874938965
5,1186,0,1,0.5741513967514038
5,1205,0,1,0.5674765110015869
5,1207,0,1,0.5974122285842896
5,1214,1,1,0.5494751334190369
5,1227,0,0,0.4969189763069153
5,1258,1,1,0.5792722105979919
5,1264,0,1,0.5501996278762817
5,1296,0,1,0.6080721020698547
