fold,val_loss,val_acc,val_f1,val_auc,n_train,n_val,num_workers,final_pooling
1,0.6840107776224613,0.6875,0.0,0.5818181818181818,60,16,8,avg+max
2,0.6521517594655355,0.6666666666666666,0.2857142857142857,0.7,61,15,8,avg+max
3,0.5933249493439993,0.7333333333333333,0.0,0.8181818181818181,61,15,8,avg+max
4,0.6357080558935801,0.7333333333333333,0.0,0.7045454545454545,61,15,8,avg+max
5,0.6557538489500682,0.6666666666666666,0.0,0.6363636363636364,61,15,8,avg+max
