metric,val_loss,val_acc,val_f1,val_auc
mean,0.6441898782551289,0.6975,0.05714285714285714,0.6881818181818181
std,0.03332417778720277,0.0337988329844554,0.12777531299998798,0.08846720455056627
