fold,case_id,y_true,y_pred,y_prob
5,1026,0,0,0.3170599937438965
5,1035,0,0,0.3531848192214966
5,1062,0,1,0.5097944140434265
5,1100,1,0,0.3396364450454712
5,1149,0,0,0.2437552809715271
5,1169,1,0,0.3725046217441559
5,1174,0,0,0.3006141185760498
5,1186,0,0,0.26138994097709656
5,1205,0,0,0.32843151688575745
5,1207,0,0,0.4190417528152466
5,1214,1,0,0.3757396340370178
5,1227,0,0,0.26571738719940186
5,1258,1,0,0.30833423137664795
5,1264,0,0,0.3606063723564148
5,1296,0,0,0.3509080708026886
