fold,case_id,y_true,y_pred,y_prob
3,1010,1,0,0.3798671066761017
3,1028,0,0,0.40106213092803955
3,1048,0,0,0.22780123353004456
3,1052,0,0,0.2988155484199524
3,1106,1,0,0.28427302837371826
3,1112,0,0,0.22131989896297455
3,1114,0,0,0.2987383008003235
3,1123,0,0,0.3224683701992035
3,1165,1,0,0.40425848960876465
3,1212,0,0,0.3097105026245117
3,1219,1,0,0.43082377314567566
3,1290,0,0,0.27658548951148987
3,1293,0,0,0.3678775131702423
3,1294,0,0,0.291561096906662
3,1298,0,0,0.24184827506542206
