fold,case_id,y_true,y_pred,y_prob
4,1060,0,0,0.40802693367004395
4,1064,1,0,0.2924698293209076
4,1129,0,0,0.39719703793525696
4,1136,0,0,0.39202699065208435
4,1137,1,0,0.4137704372406006
4,1141,0,0,0.31974250078201294
4,1185,1,0,0.44177746772766113
4,1188,0,0,0.3027516305446625
4,1192,0,0,0.31889548897743225
4,1211,0,0,0.343383252620697
4,1216,0,0,0.4160512387752533
4,1240,1,0,0.46183672547340393
4,1279,0,0,0.4328857660293579
4,1291,0,0,0.39175570011138916
4,1301,0,0,0.3143577575683594
