fold,case_id,y_true,y_pred,y_prob
2,1030,1,0,0.36326804757118225
2,1071,0,0,0.445751816034317
2,1086,1,0,0.4830617308616638
2,1117,0,0,0.35308921337127686
2,1140,0,0,0.4018628001213074
2,1206,0,0,0.3791966736316681
2,1208,1,1,0.5416152477264404
2,1217,1,0,0.4229641854763031
2,1223,0,1,0.5173497796058655
2,1261,0,0,0.4206281006336212
2,1284,0,0,0.341004341840744
2,1285,0,0,0.43627965450286865
2,1287,1,0,0.49684420228004456
2,1299,0,0,0.48126888275146484
2,1303,0,0,0.4491594433784485
