metric,split,loss,acc,f1,auc,sensitivity,specificity
mean,train,0.5287773891941446,0.8097814207650273,0.6926320453739809,0.8793896557918446,0.7215686274509804,0.8498942917547568
std,train,0.1372007492421451,0.21419130499698957,0.29070438505312485,0.1404502033302761,0.33046471666268307,0.32280328161216076
mean,val,0.6464772802591324,0.6325000000000001,0.3076479076479076,0.6296363636363635,0.38,0.7127272727272728
std,val,0.025005291187005032,0.11608485880787572,0.20023796408210015,0.0707036651416517,0.37516662964608144,0.31659343795896605
