split,acc,f1,auc,n
train,1.0,1.0,1.0,76
test,0.5263157894736842,0.18181818181818182,0.38571428571428573,19
