split,acc,f1,auc,n
train,0.7368421052631579,0.6875,1.0,76
test,0.631578947368421,0.5882352941176471,0.6,19
