split,acc,f1,auc,n
train,1.0,1.0,1.0,76
test,0.5789473684210527,0.3333333333333333,0.6,19
