epoch,train_loss,train_acc,train_f1,train_auc,val_loss,val_acc,val_f1,val_auc
1,0.9925492801627175,0.6229508196721312,0.14814814814814814,0.4108527131782945,0.6427150050799052,0.7333333333333333,0.0,0.7272727272727273
2,0.715128161868111,0.6229508196721312,0.43902439024390244,0.6136950904392765,0.6617831349372864,0.5333333333333333,0.5333333333333333,0.7727272727272727
3,0.7255631445861254,0.5245901639344263,0.4528301886792453,0.5956072351421189,0.7510783831278484,0.26666666666666666,0.42105263157894735,0.5909090909090908
4,0.5722901010122455,0.5737704918032787,0.5517241379310345,0.7571059431524547,0.6943191766738892,0.6,0.5,0.6818181818181818
5,0.8481872462835468,0.4918032786885246,0.3673469387755102,0.4780361757105943,0.7056010603904724,0.6,0.5714285714285714,0.6590909090909091
6,0.5341923505556389,0.7049180327868853,0.625,0.8320413436692506,0.6854641834894816,0.5333333333333333,0.46153846153846156,0.6590909090909091
7,0.5959887431293237,0.6557377049180327,0.5531914893617021,0.748062015503876,0.6652945359547933,0.6666666666666666,0.5454545454545454,0.7045454545454546
8,0.5382818369591822,0.7540983606557377,0.6511627906976745,0.785529715762274,0.6567395408948262,0.7333333333333333,0.5,0.7045454545454546
9,0.5782988716344364,0.7213114754098361,0.5405405405405406,0.7868217054263567,0.6612829526265462,0.6666666666666666,0.5454545454545454,0.75
