split,acc,f1,auc,n
train,0.9868421052631579,0.9777777777777777,1.0,76
test,0.5263157894736842,0.18181818181818182,0.4714285714285715,19
