metric,val_acc,val_f1,val_auc
mean,0.5368421052631579,0.2680652680652681,0.48366300366300363
std,0.07806524723258593,0.09413902333943436,0.12273675299940931
