metric,val_acc,val_f1,val_auc
mean,0.6210526315789473,0.4433155080213904,0.6383882783882784
std,0.13623346426889246,0.14116589203961324,0.13057218303743304
