fold,train_acc,train_f1,train_auc,val_acc,val_f1,val_auc,n_train,n_val
1,1.0,1.0,1.0,0.5789473684210527,0.3333333333333333,0.5,76,19
2,1.0,1.0,1.0,0.7894736842105263,0.6666666666666666,0.8205128205128205,76,19
3,1.0,1.0,1.0,0.631578947368421,0.36363636363636365,0.6428571428571428,76,19
4,1.0,1.0,1.0,0.6842105263157895,0.5,0.5285714285714286,76,19
5,0.9868421052631579,0.9777777777777777,1.0,0.42105263157894735,0.35294117647058826,0.7,76,19
