split,acc,f1,auc,n
train,1.0,1.0,1.0,76
test,0.5263157894736842,0.3076923076923077,0.5,19
