metric,val_acc,val_f1,val_auc
mean,0.5368421052631579,0.32915750915750913,0.45926739926739923
std,0.10123886348248079,0.14956757610193883,0.14335369698892436
