metric,train_acc,train_f1,train_auc,val_acc,val_f1,val_auc
mean,0.9184210526315789,0.8717836049242154,0.9886435786435784,0.6631578947368422,0.5085314685314686,0.6999267399267399
std,0.030004616449977293,0.0396926820672639,0.009290042094639761,0.14220269564322416,0.2155531096116001,0.20079031148160773
