fold,train_acc,train_f1,train_auc,val_acc,val_f1,val_auc,n_train,n_val
1,1.0,1.0,1.0,0.5789473684210527,0.3333333333333333,0.5897435897435898,76,19
2,1.0,1.0,1.0,0.7894736842105263,0.7142857142857143,0.8333333333333333,76,19
3,1.0,1.0,1.0,0.7368421052631579,0.4444444444444444,0.6285714285714286,76,19
4,1.0,1.0,1.0,0.6842105263157895,0.5,0.5142857142857142,76,19
5,1.0,1.0,1.0,0.47368421052631576,0.4444444444444444,0.6714285714285714,76,19
