metric,val_acc,val_f1,val_auc
mean,0.6526315789473685,0.48730158730158735,0.6474725274725274
std,0.12675362714518207,0.1405904835022568,0.11889779244701289
