metric,val_acc,val_f1,val_auc
mean,0.5684210526315789,0.5209090909090909,0.6474725274725274
std,0.1507139059292248,0.1345178104278911,0.11889779244701289
