metric,val_acc,val_f1,val_auc
mean,0.631578947368421,0.498974358974359,0.6652014652014651
std,0.06446025638903098,0.12056191035099734,0.09339258675417872
