fold,train_acc,train_f1,train_auc,val_acc,val_f1,val_auc,n_train,n_val
1,0.6842105263157895,0.5862068965517241,0.8103896103896104,0.631578947368421,0.46153846153846156,0.6025641025641025,76,19
2,0.631578947368421,0.5483870967741935,0.7662337662337662,0.7368421052631579,0.6666666666666666,0.7948717948717949,76,19
3,0.618421052631579,0.5538461538461539,0.7693602693602694,0.5789473684210527,0.5,0.7142857142857142,76,19
4,0.6973684210526315,0.5964912280701754,0.813973063973064,0.5789473684210527,0.3333333333333333,0.5571428571428572,76,19
5,0.6578947368421053,0.5666666666666667,0.7828282828282829,0.631578947368421,0.5333333333333333,0.6571428571428571,76,19
