metric,val_acc,val_f1,val_auc
mean,0.47368421052631576,0.45251196172248803,0.6652014652014651
std,0.06446025638903102,0.06870393141310394,0.09339258675417872
