metric,val_loss,val_acc,val_f1,val_auc
mean,0.5221099748015404,0.7613333333333334,0.6256599190191474,0.8141833105335158
std,0.04690611183932855,0.03731249418388193,0.058047449480357144,0.042519765333614803
