fold,train_acc,train_f1,train_auc,val_acc,val_f1,val_auc,n_train,n_val
1,1.0,1.0,1.0,0.5789473684210527,0.3333333333333333,0.4102564102564102,76,19
2,1.0,1.0,1.0,0.5263157894736842,0.4,0.44871794871794873,76,19
3,1.0,1.0,1.0,0.5789473684210527,0.2,0.7142857142857142,76,19
4,0.9868421052631579,0.9777777777777777,1.0,0.7894736842105263,0.7142857142857143,0.8428571428571429,76,19
5,1.0,1.0,1.0,0.6842105263157895,0.5,0.7571428571428571,76,19
