metric,val_acc,val_f1,val_auc
mean,0.631578947368421,0.42952380952380953,0.6346520146520146
std,0.10526315789473686,0.19291298427304934,0.19340357556753102
