metric,val_acc,val_f1,val_auc
mean,0.6105263157894737,0.484313725490196,0.6227106227106227
std,0.04707511531578504,0.10551899177218514,0.0426201140796975
