fold,train_acc,train_f1,train_auc,val_acc,val_f1,val_auc,n_train,n_val
1,0.6578947368421053,0.5517241379310345,0.7731601731601732,0.5789473684210527,0.42857142857142855,0.6025641025641025,76,19
2,0.6710526315789473,0.5283018867924528,0.7324675324675325,0.631578947368421,0.5882352941176471,0.6538461538461537,76,19
3,0.5657894736842105,0.47619047619047616,0.76010101010101,0.6842105263157895,0.5714285714285714,0.6428571428571428,76,19
4,0.631578947368421,0.5172413793103449,0.7651515151515151,0.5789473684210527,0.3333333333333333,0.5571428571428572,76,19
5,0.6710526315789473,0.5614035087719298,0.7693602693602695,0.5789473684210527,0.5,0.6571428571428571,76,19
