metric,val_acc,val_f1,val_auc
mean,0.5052631578947369,0.41800653594771237,0.5961904761904762
std,0.028827503026587688,0.03860644674057599,0.05334206244227355
