split,acc,f1,auc,n
train,0.631578947368421,0.5333333333333333,0.7769360269360269,76
test,0.631578947368421,0.46153846153846156,0.6,19
