split,acc,f1,auc,n
train,0.5921052631578947,0.5373134328358209,0.7373737373737373,76
test,0.5789473684210527,0.42857142857142855,0.5,19
