split,acc,f1,auc,n
train,0.9736842105263158,0.9565217391304348,1.0,76
test,0.5789473684210527,0.2,0.5285714285714287,19
