fold,val_acc,val_f1,val_auc,n_train,n_val
1,0.5789473684210527,0.2,0.43589743589743585,76,19
2,0.631578947368421,0.36363636363636365,0.5641025641025641,76,19
3,0.5789473684210527,0.42857142857142855,0.5857142857142857,76,19
4,0.631578947368421,0.46153846153846156,0.6285714285714287,76,19
5,0.5789473684210527,0.42857142857142855,0.45714285714285713,76,19
