metric,val_acc,val_f1,val_auc
mean,0.6,0.37646353646353653,0.5342857142857144
std,0.02882750302658766,0.10484765588738214,0.08374815243174662
