metric,val_acc,val_f1,val_auc
mean,0.5263157894736842,0.31391941391941386,0.5284249084249084
std,0.11768778828946264,0.12757300995226012,0.12499207665854198
