fold,train_acc,train_f1,train_auc,val_acc,val_f1,val_auc,n_train,n_val
1,1.0,1.0,1.0,0.6842105263157895,0.5,0.717948717948718,76,19
2,1.0,1.0,1.0,0.5263157894736842,0.3076923076923077,0.5384615384615384,76,19
3,1.0,1.0,1.0,0.5789473684210527,0.3333333333333333,0.5285714285714286,76,19
4,1.0,1.0,1.0,0.47368421052631576,0.2857142857142857,0.48571428571428577,76,19
5,1.0,1.0,1.0,0.3684210526315789,0.14285714285714285,0.3714285714285714,76,19
