fold,val_loss,val_acc,val_f1,val_auc,n_train,n_val,num_workers,final_pooling
1,0.7146134078502655,0.75,0.3333333333333333,0.38181818181818183,60,16,8,avg+max
2,0.621859347820282,0.6666666666666666,0.2857142857142857,0.78,61,15,8,avg+max
3,0.5808717628320058,0.7333333333333333,0.6,0.7727272727272727,61,15,8,avg+max
4,0.5973069131374359,0.7333333333333333,0.0,0.8409090909090909,61,15,8,avg+max
5,0.6337501883506775,0.7333333333333333,0.0,0.6363636363636364,61,15,8,avg+max
