metric,val_loss,val_acc,val_f1,val_auc
mean,0.6296803239981333,0.7233333333333334,0.24380952380952384,0.6823636363636363
std,0.05177275724432464,0.03248931448269655,0.2527490576991346,0.18390124910257571
