fold,case_id,y_true,y_pred,y_prob
2,1030,1,0,0.34211355447769165
2,1071,0,0,0.3126307427883148
2,1086,1,0,0.4843118488788605
2,1117,0,0,0.31558412313461304
2,1140,0,0,0.2977600395679474
2,1206,0,0,0.3040187358856201
2,1208,1,0,0.48363247513771057
2,1217,1,0,0.42132386565208435
2,1223,0,0,0.472820520401001
2,1261,0,0,0.4197472631931305
2,1284,0,0,0.25545135140419006
2,1285,0,0,0.4360556900501251
2,1287,1,1,0.5793402194976807
2,1299,0,0,0.40048447251319885
2,1303,0,1,0.5863118767738342
