fold,case_id,y_true,y_pred,y_prob
4,1060,0,0,0.2742772400379181
4,1064,1,0,0.3418133854866028
4,1129,0,0,0.39655688405036926
4,1136,0,0,0.3189961016178131
4,1137,1,0,0.34317952394485474
4,1141,0,0,0.28976142406463623
4,1185,1,0,0.4617558419704437
4,1188,0,0,0.23710897564888
4,1192,0,0,0.2857767343521118
4,1211,0,0,0.3256241977214813
4,1216,0,0,0.3254804015159607
4,1240,1,0,0.49384352564811707
4,1279,0,0,0.43373504281044006
4,1291,0,0,0.37076878547668457
4,1301,0,0,0.3424552083015442
