fold,case_id,y_true,y_pred,y_prob
5,1026,0,0,0.40105414390563965
5,1035,0,0,0.37221774458885193
5,1062,0,0,0.35310089588165283
5,1100,1,0,0.2450302541255951
5,1149,0,0,0.36236628890037537
5,1169,1,0,0.4932893216609955
5,1174,0,0,0.3152415454387665
5,1186,0,0,0.2357698380947113
5,1205,0,0,0.28281477093696594
5,1207,0,0,0.42518994212150574
5,1214,1,0,0.3087473511695862
5,1227,0,0,0.34462156891822815
5,1258,1,0,0.44441553950309753
5,1264,0,0,0.17548511922359467
5,1296,0,0,0.2805289030075073
