fold,case_id,y_true,y_pred,y_prob
3,1010,1,1,0.557404100894928
3,1028,0,1,0.9602987170219421
3,1048,0,0,0.23672495782375336
3,1052,0,0,0.343572735786438
3,1106,1,0,0.27740463614463806
3,1112,0,1,0.6063474416732788
3,1114,0,0,0.28507736325263977
3,1123,0,0,0.17398326098918915
3,1165,1,1,0.8002822995185852
3,1212,0,0,0.23391833901405334
3,1219,1,1,0.6557338833808899
3,1290,0,1,0.5404768586158752
3,1293,0,0,0.36143985390663147
3,1294,0,0,0.2539624869823456
3,1298,0,0,0.1327812224626541
