metric,val_loss,val_acc,val_f1,val_auc
mean,0.5260880003869534,0.7346666666666668,0.612391975874646,0.8204651162790697
std,0.04158474419837918,0.04488256281056648,0.04028785100477519,0.030090087763088174
