metric,val_loss,val_acc,val_f1,val_auc
mean,0.5356973107457161,0.7446666666666666,0.6118667042229602,0.809499316005472
std,0.046982361761921,0.038049675133669386,0.04159672255372414,0.037230753452998575
