fold,train_acc,train_f1,train_auc,val_acc,val_f1,val_auc,n_train,n_val
1,1.0,1.0,1.0,0.6842105263157895,0.5,0.6538461538461539,76,19
2,1.0,1.0,1.0,0.42105263157894735,0.26666666666666666,0.34615384615384615,76,19
3,1.0,1.0,1.0,0.5263157894736842,0.5263157894736842,0.7285714285714285,76,19
4,1.0,1.0,1.0,0.631578947368421,0.46153846153846156,0.6571428571428571,76,19
5,1.0,1.0,1.0,0.631578947368421,0.46153846153846156,0.5,76,19
