metric,val_acc,val_f1,val_auc
mean,0.5789473684210525,0.4432118758434548,0.5771428571428572
std,0.10526315789473686,0.10243423484805819,0.1537212994154491
