split,acc,f1,auc,n
train,1.0,1.0,1.0,76
test,0.3684210526315789,0.14285714285714285,0.41428571428571426,19
