metric,val_loss,val_acc,val_f1,val_auc
mean,0.5283239741325378,0.7393333333333333,0.6181065934378108,0.8154309165526676
std,0.04548533187190214,0.0482700735445887,0.04522835164069467,0.041978410950766584
