metric,split,loss,acc,f1,auc,sensitivity,specificity
mean,train,0.42265088342252327,0.9069945355191257,0.8851766051766052,0.9530620845942324,0.9653594771241829,0.8840380549682875
std,train,0.16977125536483356,0.1549449673484946,0.16878329401147554,0.09203849754202444,0.03165045754981243,0.21003632482230533
mean,val,0.6120969275633493,0.7366666666666666,0.5883583083583084,0.7636363636363637,0.71,0.7381818181818182
std,val,0.03231588865600078,0.06708203932499374,0.12251522049825277,0.0426401432711221,0.27703790354390134,0.1693936683469399
