fold,val_loss,val_acc,val_f1,val_auc,n_train,n_val,num_workers,final_pooling
1,0.6145005226135254,0.5,0.6666666666666666,1.0,16,4,8,avg+max
2,0.6632751226425171,0.75,0.6666666666666666,1.0,16,4,8,avg+max
3,0.6200517117977142,0.5,0.0,1.0,16,4,8,avg+max
4,0.7917391359806061,0.5,0.6666666666666666,0.0,16,4,8,avg+max
5,0.6097912192344666,0.5,0.6666666666666666,1.0,16,4,8,avg+max
