metric,val_loss,val_acc,val_f1,val_auc
mean,0.6598715424537659,0.55,0.5333333333333333,0.8
std,0.07673466248904537,0.11180339887498947,0.29814239699997197,0.4472135954999579
