fold,case_id,y_true,y_pred,y_prob
2,1130,1,0,0.4592083692550659
2,1186,0,0,0.4447401165962219
2,1258,1,1,0.501419186592102
2,1284,0,0,0.4491086006164551
