fold,case_id,y_true,y_pred,y_prob
4,1169,1,1,0.5107535123825073
4,1179,0,1,0.6531703472137451
4,1219,1,1,0.5290307998657227
4,1303,0,1,0.5504276156425476
