fold,case_id,y_true,y_pred,y_prob
1,1041,1,1,0.6513774394989014
1,1060,0,1,0.5007201433181763
1,1090,1,1,0.6023563146591187
1,1140,0,1,0.5630084276199341
