fold,case_id,y_true,y_pred,y_prob
5,1036,0,1,0.5201296210289001
5,1100,1,1,0.5683544278144836
5,1205,0,1,0.5232186913490295
5,1208,1,1,0.670844316482544
