fold,case_id,y_true,y_pred,y_prob
3,1122,1,0,0.45014098286628723
3,1129,0,0,0.3110758662223816
3,1137,1,0,0.42837318778038025
3,1264,0,0,0.36974307894706726
