fold,split,loss,acc,f1,auc,sensitivity,specificity,tn,fp,fn,tp,threshold,n_cases
final,train_internal,0.5442943652470906,0.6833333333333333,0.6122448979591837,0.9138166894664842,0.8823529411764706,0.6046511627906976,26,17,2,15,0.44,60
final,val_internal,0.6387841701507568,0.625,0.5714285714285714,0.6727272727272727,0.8,0.5454545454545454,6,5,1,4,0.44,16
final,train_full,0.5506230467244199,0.7763157894736842,0.711864406779661,0.9158249158249159,0.9545454545454546,0.7037037037037037,38,16,1,21,0.44,76
final,test,0.6698178617577804,0.47368421052631576,0.4444444444444444,0.4714285714285715,0.8,0.35714285714285715,5,9,1,4,0.44,19
