split,threshold,n,n_pos,n_neg,acc,f1,auc,tn,fp,fn,tp,sensitivity,specificity
train,0.5,76,22,54,0.9473684210526315,0.9130434782608695,0.9865319865319866,51,3,1,21,0.9545454545454546,0.9444444444444444
test,0.5,19,5,14,0.5263157894736842,0.4,0.5857142857142857,7,7,2,3,0.6,0.5
