split,threshold,n,n_pos,n_neg,acc,f1,auc,tn,fp,fn,tp,sensitivity,specificity
train,0.5,76,22,54,0.9342105263157895,0.8936170212765957,0.9797979797979798,50,4,1,21,0.9545454545454546,0.9259259259259259
test,0.5,19,5,14,0.5263157894736842,0.4,0.4285714285714286,7,7,2,3,0.6,0.5
