fold,val_loss,val_acc,val_f1,val_auc,n_train,n_val,num_workers,slice_embed_mode
1,0.5302585861086846,0.7366666666666667,0.6069651741293532,0.8073324213406292,1200,300,0,48x128
2,0.4809984442591667,0.8066666666666666,0.6847826086956522,0.8455266757865938,1200,300,0,48x128
3,0.6074841937422752,0.74,0.5568181818181818,0.7469767441860465,1200,300,0,48x128
4,0.501698206961155,0.7633333333333333,0.6243386243386243,0.8335978112175102,1200,300,0,48x128
5,0.49777879849076273,0.7933333333333333,0.6593406593406593,0.8419151846785226,1200,300,0,48x128
