metric,val_loss,val_acc,val_f1,val_auc
mean,0.5236436459124089,0.768,0.6264490496644941,0.8150697674418605
std,0.05010539078074921,0.031322693228889344,0.04928791726753718,0.0408904464376748
