fold,val_loss,val_acc,val_f1,val_auc,n_train,n_val,num_workers
1,0.6875342130661011,0.75,0.8,0.5,16,4,8
2,0.6937742233276367,0.5,0.0,0.5,16,4,8
3,0.686646580696106,0.5,0.5,0.75,16,4,8
4,0.6893576383590698,0.75,0.8,0.75,16,4,8
5,0.685964822769165,0.75,0.6666666666666666,0.5,16,4,8
