metric,val_loss,val_acc,val_f1,val_auc
mean,0.6886554956436157,0.65,0.5533333333333333,0.6
std,0.003131577553658019,0.13693063937629152,0.33299983316645804,0.13693063937629152
