fold,case_id,y_true,y_pred,y_prob
4,1169,1,1,0.5028933882713318
4,1179,0,0,0.49742043018341064
4,1219,1,1,0.5107815265655518
4,1303,0,1,0.50847327709198
