fold,case_id,y_true,y_pred,y_prob
5,1036,0,0,0.48683905601501465
5,1100,1,0,0.4768073260784149
5,1205,0,0,0.483309805393219
5,1208,1,1,0.5087804198265076
