fold,case_id,y_true,y_pred,y_prob
3,1122,1,1,0.5211803913116455
3,1129,0,1,0.5160226225852966
3,1137,1,0,0.4994087517261505
3,1264,0,0,0.49078232049942017
