fold,case_id,y_true,y_pred,y_prob
1,1041,1,1,0.509147047996521
1,1060,0,1,0.5169990062713623
1,1090,1,1,0.5112744569778442
1,1140,0,0,0.4916236400604248
