fold,case_id,y_true,y_pred,y_prob
2,1130,1,0,0.4884331524372101
2,1186,0,0,0.48837369680404663
2,1258,1,0,0.4895917475223541
2,1284,0,0,0.4904361069202423
